{
    "mse": 6.387326240539551,
    "mae": 1.919350266456604,
    "r2_score": 0.8496686220169067
}