{
    "mse": 6.460666656494141,
    "mae": 1.93304443359375,
    "r2_score": 0.8479424715042114
}